Unnamed: 0	Barcodes	P13459_3001_S1_L001_R1_001_R	P13459_3001_S1_L001_R2_001_F
PBANKA_101810|PbGEM-121258|PbGEM-538627	TAGGGACCAAC	584	596
PBANKA_144380|PbGEM-068513	CATGCTATACG	10	8
PBANKA_082040|PbGEM-026174	ATCTGATGTAG	427	420
PBANKA_130470|PbGEM-121314|PbGEM-121410|PbGEM-528071|PbGEM-528212|PbGEM-528353|PbGEM-645763|PbGEM-646544	CTCATTCCCGT	25	25
PBANKA_060240|PbGEM-017291|PbGEM-017299|PbGEM-528142|PbGEM-528283|PbGEM-528424|PbGEM-645837	CAACGTGAGCA	6	6
PBANKA_041050|PbGEM-121322|PbGEM-121426|PbGEM-527587|PbGEM-646941	GGCTAGGCCGC	70	69
PBANKA_142220|PbGEM-065359|PbGEM-065367|PbGEM-528075|PbGEM-528216|PbGEM-528357|PbGEM-645768|PbGEM-646549	CTGGGAAAAGA	405	394
PBANKA_040120|PbGEM-011029|PbGEM-230537|PbGEM-528058|PbGEM-528199|PbGEM-646531	GTTACGAAGGG	1	1
PBANKA_061040|PbGEM-018467|PbGEM-087402	CTTACATTGGT	2	2
PBANKA_093900|PbGEM-033579|PbGEM-587308	GCTTGGAATAT	1	1
PBANKA_101700|PbGEM-112196|PbGEM-036774|PbGEM-528069|PbGEM-528210|PbGEM-528351|PbGEM-645761	AAATGGAACTT	413	406
PBANKA_081700|PbGEM-025757|PbGEM-238732|PbGEM-528070	CGGATAGTCGT	1	0
PBANKA_011250|PbGEM-121418|PbGEM-227922	AGTTTTTTAGC	5	5
PBANKA_131140|PbGEM-054729|PbGEM-054737	TAACTAACCTG	794	798
PBANKA_031580|PbGEM-010861	CCTTTCCCTTA	2077	2044
PBANKA_051490|PbGEM-015545|PbGEM-015553	TGCCTTGTATG	1688	1638
PBANKA_060800|PbGEM-018144	TCCCGCTCTTG	597	593
PBANKA_143030|PbGEM-066481|PbGEM-111148	CCGACAATTTG	362	357
PBANKA_060620|PbGEM-017899|PbGEM-087185	CAAGCCGGGCG	927	899
PBANKA_123360|PbGEM-051222|PbGEM-051214|PbGEM-461648	TAGATTGGGCG	976	930
PBANKA_102600|PbGEM-038114|PbGEM-263908	GGCTGTGAGTC	1	2
PBANKA_134230|PbGEM-058924|PbGEM-253428	ATCGATACATA	3	3
PBANKA_135260|PbGEM-111802|PbGEM-108129|PbGEM-528094|PbGEM-528235|PbGEM-528376|PbGEM-645787|PbGEM-646568	CTTTACTGGGT	1269	1240
PBANKA_121260|PbGEM-102303|PbGEM-102311|PbGEM-461616|PbGEM-461650|PbGEM-646719	TTAATTGCGAC	468	475
PBANKA_113980|PbGEM-045681|PbGEM-045689	CATGGATGGGC	504	488
PBANKA_100240|PbGEM-034599|PbGEM-034607|PbGEM-645827|PbGEM-646757	GTGCTTATCCA	181	179
PBANKA_112810|PbGEM-099883|PbGEM-645691|PbGEM-645637	GCGATCAGTTT	119	116
PBANKA_103520|PbGEM-097658|PbGEM-097666	CAGCAAGTCGT	94	91
PBANKA_101750|PbGEM-096504|PbGEM-645689	CACAAGAGGGA	131	128
PBANKA_123320|PbGEM-103546|PbGEM-103538	TCGGAGGGTCC	2	2
PBANKA_142590|PbGEM-065839|PbGEM-065847	CTCTACTTCTG	78	77
PBANKA_140410|PbGEM-062848	TAGTGCCAGGC	170	161
PBANKA_051300|PbGEM-086037|PbGEM-086045	TCGCAGGGAGC	404	397
PBANKA_031480|PbGEM-010745|PbGEM-010753	AACATAAAAGT	2017	1972
PBANKA_051500|PbGEM-015561|PbGEM-538107	AGGGTTCCTAT	2566	2478
PBANKA_080690|PbGEM-024371	TTATAAGTCTA	70	68
PBANKA_082320|PbGEM-026405	ACCTGGACGGA	407	404
PBANKA_111920|PbGEM-042760	TTATCCAAGGG	217	211
PBANKA_124120|PbGEM-052197	TATCGACCCCG	500	491
PBANKA_100640|PbGEM-095750	CATTGAACGAT	154	152
PBANKA_103780|PbGEM-097822|PbGEM-097830	ACACGACAAGC	851	846
PBANKA_124220|PbGEM-103970	CCCAGCTTGAA	9	10
PBANKA_110690|PbGEM-098495	CATATCAGCGT	264	262
PBANKA_145770|PbGEM-080757	GATATTCCTCT	631	628
PBANKA_133680|PbGEM-107021	CGTGAGTGAGA	44	44
PBANKA_091600|PbGEM-093381|PbGEM-093389	AAAGCCGAGAC	139	143
PBANKA_030500|PbGEM-009429	CCAAGCGAGGC	2	2
PBANKA_040480|PbGEM-011485|PbGEM-645694|PbGEM-645633	GGCCGACTGCG	2	2
PBANKA_131720|PbGEM-055524	GGGCGTCTCCC	25	25
PBANKA_112240|PbGEM-043181|PbGEM-099490	GGGTTTATCCG	37	35
PBANKA_071490|PbGEM-022409	CGGGTGTAAGT	57	53
PBANKA_020230|PbGEM-006938	TAGTTGGGATC	1	1
PBANKA_140160|PbGEM-062476|PbGEM-645699	AACACAACCGC	269	269
PBANKA_103440|PbGEM-039254|PbGEM-527267	CGGAGTACGTT	172	164
PBANKA_134280|PbGEM-058996|PbGEM-646927	GTATACGGATT	4	4
PBANKA_133580|PbGEM-058012	GCAGAAATGTA	546	530
PBANKA_093290|PbGEM-032706|PbGEM-645629|PbGEM-645697	TTCGGGATACG	2032	1990
PBANKA_132910|PbGEM-057101|PbGEM-106448	CGTACCCTGCA	844	851
PBANKA_112490|PbGEM-043567	TCGCGTAAAGA	5	5
PBANKA_146060|PbGEM-071005	AGGGGATGGTC	1344	1321
PBANKA_110420|PbGEM-122074|PbGEM-645675	AGTAAGCCTTC	140	138
PBANKA_030510|PbGEM-083189|PbGEM-527579	AGACCGAGACA	32	34
PBANKA_031590|PbGEM-010877	CCATCGTGGCC	1385	1375
PBANKA_061430|PbGEM-018972	AATTAAACGCT	1	1
PBANKA_051220|PbGEM-015197	AGCCCACTTTT	89	92
PBANKA_080260|PbGEM-023719|PbGEM-672685	CTCTTGGTCTG	1	1
PBANKA_121340|PbGEM-048328	CGTGCGAAATG	451	432
PBANKA_051760|PbGEM-086320|PbGEM-086328	ATGCGGGACTT	63	63
PBANKA_110650|PbGEM-098459|PbGEM-341603	GCACCTCTGGC	2	2
PBANKA_101400|PbGEM-096343	GCGCTGGAACT	5	5
PBANKA_070410|PbGEM-088775	CCATGCTATCA	3	3
PBANKA_122980|PbGEM-103309	CAACATGCTTC	0	2
PBANKA_080650|PbGEM-090509|PbGEM-645702	ATTCGGGTTAA	103	102
PBANKA_070700|PbGEM-088924	CTACAAGTTCA	1623	1589
PBANKA_050500|PbGEM-085541|PbGEM-085549|PbGEM-646930	GCGTCGATCAA	53	53
PBANKA_031180|PbGEM-083698	CCTAGGGAAAT	139	137
PBANKA_030240|PbGEM-083023	AATGGTCGATC	441	422
PBANKA_061920|PbGEM-019700|PbGEM-088087	AGTAGCGGTCC	482	467
PBANKA_111060|PbGEM-041538	ACAGTTGCCTC	217	216
PBANKA_143630|PbGEM-067386	GTATCGTTGTT	1221	1167
PBANKA_052230|PbGEM-016675	GACGTCACCTC	1167	1168
PBANKA_071130|PbGEM-021910	ACCCCTTGACT	209	209
PBANKA_143060|PbGEM-066521|PbGEM-066529	GTCACGCTCTC	471	473
PBANKA_040730|PbGEM-011857|PbGEM-084446	TGGACCAGCGT	245	235
PBANKA_144900|PbGEM-069268|PbGEM-539395	TCACGCGATGC	208	203
PBANKA_131530|PbGEM-055262|PbGEM-105309	CCTCCATATGT	1540	1515
PBANKA_134630|PbGEM-059519|PbGEM-107625	TTGTAGCCTCT	2287	2248
PBANKA_135960|PbGEM-061442|PbGEM-646722	CCCTCAAATAC	875	917
PBANKA_135250|PbGEM-060427|PbGEM-060435	ACTCGTGAACT	359	359
PBANKA_103240|PbGEM-038941	TTTGAGATCTC	940	912
PBANKA_111430|PbGEM-042088	CATAGGTTCTG	95	95
PBANKA_062030|PbGEM-019862	CGGCCTTAACA	1363	1353
PBANKA_111340|PbGEM-041944	GGCCAGGAAAG	659	649
PBANKA_093080|PbGEM-032387	TCTCGGGCCAT	161	158
PBANKA_143440|PbGEM-111449	TTTCTTCAAAG	1087	1070
PBANKA_146070|PbGEM-258996|PbGEM-648195	ATCTATTCAAG	1	1
PBANKA_145910|PbGEM-258884|PbGEM-070794	GACCACGAGAG	1	1
PBANKA_071220|PbGEM-235245	CTCTTAATAGG	1	1
PBANKA_072090|PbGEM-237100|PbGEM-089977	TCATAGGTGTT	2	2
PBANKA_121830|PbGEM-248816	CGACACAAGTT	1	1
PBANKA_070330|PbGEM-233516	CGTCACAAGTA	10	10
PBANKA_144980|PbGEM-257126|PbGEM-648179	GTTCTATCTAT	1	1
PBANKA_133720|PbGEM-251670	GCTACCTCCGA	4	3
PBANKA_123140|PbGEM-261084	GCACTGTCCAG	1	1
PBANKA_120870|PbGEM-245936	GACCCATAAGC	1	1
PBANKA_110840|PbGEM-246443	CATAGTGAGCG	34	34
PBANKA_082230|PbGEM-259332	GGCGTACCCCG	1	1
PBANKA_143860|PbGEM-264852	TCCCATTCCCT	1	1
PBANKA_140400|PbGEM-264076	GGTTCCGCCTA	2	2
PBANKA_140270|PbGEM-318755	GTCGTCCAAGA	1	1
PBANKA_100220|PbGEM-292744|PbGEM-647499	GCGTCGTGAAG	1	1
PBANKA_135750|PbGEM-317331	CCGAAGATCCG	0	2
PBANKA_080950|PbGEM-331475|PbGEM-283882	GAGGTGGACAA	1	1
PBANKA_010600|PbGEM-327699	CGGGCAGGACT	1	1
PBANKA_102460|PbGEM-334115|PbGEM-295710	CGAGTATGCTT	1	1
PBANKA_010110|PbGEM-266100|PbGEM-266092	CAGCGTGATGT	13	12
PBANKA_120290|PbGEM-303882	TTTATCGGAAT	2	1
PBANKA_071020|PbGEM-281330	ACGTTTGGGAA	3	3
PBANKA_093100|PbGEM-290848|PbGEM-290856	CTCCACAGGTC	5	5
PBANKA_145540|PbGEM-325531|PbGEM-325539	TGGGATTCACC	1	1
PBANKA_020900|PbGEM-328099	ACCACCTCCAC	5	6
PBANKA_112920|PbGEM-335547	CGATCTTTCTC	2	2
PBANKA_011160|PbGEM-267395	ACCTTCGGTTT	4	2
PBANKA_120400|PbGEM-336155|PbGEM-304090	GGCGCTTGGTC	1	1
PBANKA_010940|PbGEM-267115	GTTCTGAAAGA	1	1
PBANKA_010820|PbGEM-327787	CGGGTGAGTTT	5	4
PBANKA_121220|PbGEM-305242	TGCTTATACTA	7	7
PBANKA_030140|PbGEM-328363|PbGEM-675245	CGACTCAGTAG	1	0
PBANKA_093380|PbGEM-291216	TACATATTGCT	7	7
PBANKA_135820|PbGEM-317435	GCTTCTCTTTA	4	4
PBANKA_140450|PbGEM-318995	ATTGAGAACGT	4	4
PBANKA_113280|PbGEM-335707	GCCTATCCTAT	2	2
PBANKA_041590|PbGEM-273050	AGATCCTCGAC	3	3
PBANKA_080640|PbGEM-283538|PbGEM-673781	CTGAAAGCGGG	2	2
PBANKA_121140|PbGEM-336355	TACGGCGCTCA	1	1
PBANKA_070850|PbGEM-330747	ATCTCATTCCT	1	1
PBANKA_030770|PbGEM-270187	CTACGATGAAC	3	3
PBANKA_120160|PbGEM-336099	CCTTTTTCTCC	3	3
PBANKA_120740|PbGEM-336259	ACGCTGCTCAG	4	4
PBANKA_132170|PbGEM-312805	AATGGGTAACA	4	4
PBANKA_134420|PbGEM-315755	TAGAATAAAGC	2	2
PBANKA_142710|PbGEM-321755	AATAGCCTCTT	3	2
PBANKA_050720|PbGEM-274330|PbGEM-274322	ACAAGACGAAG	3	3
PBANKA_091910|PbGEM-289441	ACGACTTGGAC	1	2
PBANKA_091240|PbGEM-332523	GCTCTGTCATC	3	3
PBANKA_083290|PbGEM-286410|PbGEM-646814	TTACTGCAAGC	2	2
PBANKA_145980|PbGEM-341067|PbGEM-646838	CGGTCATCCAT	1	1
PBANKA_110700|PbGEM-298629	AGCTTGGGCCG	1	1
PBANKA_131420|PbGEM-311741	AATAAATATGG	4	4
PBANKA_102760|PbGEM-296182	GGGGAGGTAAA	5	5
PBANKA_100250|PbGEM-292784	AAGTGCCAAAT	2	2
PBANKA_103210|PbGEM-334355	GCGGCCTGTAT	5	5
PBANKA_121060|PbGEM-304938	AGATCTTGTCG	1	1
PBANKA_123740|PbGEM-261516	AGACAATGGAC	4	4
PBANKA_092090|PbGEM-240365	CATCCGAGGCC	12	12
PBANKA_040750|PbGEM-229574	AACAGGGTTCC	2	2
PBANKA_135330|PbGEM-251495	AATGTGCGTCC	3	3
PBANKA_112390|PbGEM-247136|PbGEM-645723	CTCATATAGCG	2	3
PBANKA_131600|PbGEM-264692	CTGTTCGGGTA	4	4
PBANKA_114320|PbGEM-335947|PbGEM-647811	AAAATCATTTA	3	2
PBANKA_142930|PbGEM-340051|PbGEM-322011	TACTCTATCCC	4	4
PBANKA_031340|PbGEM-270978	GAATACAGCAC	6	6
PBANKA_121960|PbGEM-336643	AGATTGCCCAC	2	2
PBANKA_134980|PbGEM-338811	GGACGCCCTGG	0	1
PBANKA_144220|PbGEM-340459	GATACCAACCT	4	4
PBANKA_071330|PbGEM-281730	TTCAAATTAAC	2	1
PBANKA_060150|PbGEM-276922|PbGEM-276914	ATACCGTAGGT	1	1
PBANKA_071630|PbGEM-282042	GGTACGACCAA	4	3
PBANKA_080060|PbGEM-331155|PbGEM-461642|PbGEM-664301	CTGTTTCGTGT	2	2
PBANKA_110220|PbGEM-298005|PbGEM-297997	AGTTAGGTTCC	1	1
PBANKA_111550|PbGEM-335115	CCTCGCCCAAC	2	2
PBANKA_092910|PbGEM-290624	CGTTCGCTATA	5	4
PBANKA_083200|PbGEM-286266	AATAGCGGGTA	3	3
PBANKA_081910|PbGEM-284922	TGGCTTCGCTC	1	1
PBANKA_112120|PbGEM-300363|PbGEM-646824	GCGCGGCATGA	4	4
PBANKA_130080|PbGEM-342964	GCGTTCCGTAG	2	2
PBANKA_140170|PbGEM-343220	CAGTTCTGATT	2	2
PBANKA_070210|PbGEM-343476	TACCAAGATTC	3	3
PBANKA_070270|PbGEM-342020	CCTTCTAGGAC	1	1
PBANKA_131070|PbGEM-342996	GTAGCTAGGAA	13	13
PBANKA_021330|PbGEM-341748	GTAGATGTCGT	1	1
PBANKA_110490|PbGEM-342556|PbGEM-646745	CCCTCGGGTGC	3	3
PBANKA_141470|PbGEM-343260	GCTGCCACAAA	5	5
PBANKA_142530|PbGEM-343316	CTCTTATGCTC	11	12
PBANKA_082380|PbGEM-342140	CGAAGTTCGTC	2	1
PBANKA_113670|PbGEM-342700	TATCGCTGGGG	2	2
PBANKA_114340|PbGEM-342764	TGAGGCAGACT	3	3
PBANKA_135970|PbGEM-343204	GTTTAAGCTTT	3	2
PBANKA_093150|PbGEM-342324	CACCCGTCCTG	2	2
PBANKA_100210|PbGEM-333419|PbGEM-292720	TAAGACTGTAT	1	1
PBANKA_124430|PbGEM-309433	CAGGCAAAAAC	1	1
PBANKA_093260|PbGEM-239492|PbGEM-647483	GAACCTGGACA	1	1
PBANKA_050790|PbGEM-329451	AGGCTAGCTTG	2	2
PBANKA_031230|PbGEM-270858	ATTATGGAATG	1	0
PBANKA_071450|PbGEM-330915	ACTTGGACTCG	0	1
PBANKA_041810|PbGEM-329187	TGTTGAGACAG	0	1
PBANKA_060470|PbGEM-232478	AGTGCTTCAGT	1	1
PBANKA_092140|PbGEM-332731	TCCCTGGAATG	0	1
PBANKA_020990|PbGEM-328115	CCTTTCTATGG	1	0
PBANKA_100710|PbGEM-538579|PbGEM-645743	AATGAAGAGTA	1	3
PBANKA_050300|PbGEM-533723	GAATCATAACA	1	1
PBANKA_100290|PbGEM-535275	ATCGAGTCGAC	2	2
PBANKA_030600|PbGEM-226060|PbGEM-226059	CGTTATGTGGG	271	265
